id,user_id,folder_id,created_at,updated_at,sharing,description,file_path,name,size,tokens,type,project_id,message_index,timestamp,topic_id,file_id,chunk_index,embedding_json,embedding,session_id,file_name,status,content,topic_name,speaker_role,ingested,ingested_at,uploaded_at,relevant_date
7cba80f1-d352-451a-86d7-91ba1112af83,4a867500-7423-4eaa-bc79-94e368555e05,null,2025-06-07 21:34:50.735739+00,null,private,,4a867500-7423-4eaa-bc79-94e368555e05/MDNfbWFyY2hfMjAyNV9hZ2VuZGFfb2NyLnBkZg==,03_march_2025_agenda_ocr.pdf,57273,551,pdf,null,null,null,null,null,null,null,null,null,null,null,null,null,null,true,2025-06-08 01:05:02.498331,null,null
049e8206-b783-4c00-a456-0a2f1735233a,4a867500-7423-4eaa-bc79-94e368555e05,null,2025-06-07 21:48:18.631308+00,null,private,,4a867500-7423-4eaa-bc79-94e368555e05/MjBfc29saWRfd2FzdGVzX29yZGluYW5jZS5wZGY=,20_solid_wastes_ordinance.pdf,5039720,8082,pdf,null,null,null,null,null,null,null,null,null,null,null,null,null,null,true,2025-06-08 01:05:08.170317,null,null
a996fb2b-7018-421b-bf4f-bda600e3bb9b,4a867500-7423-4eaa-bc79-94e368555e05,null,2025-06-07 21:46:49.861607+00,null,private,,4a867500-7423-4eaa-bc79-94e368555e05/MDVfY29kZV9lbmZvcmNlbWVudF9wYW5oYW5kbGluZ19vcmRpbmFuY2UucGRm,05_code_enforcement_panhandling_ordinance.pdf,87305,252,pdf,null,null,null,null,null,null,null,null,null,null,null,null,null,null,true,2025-06-08 01:04:54.393615,null,null
e6917db8-a964-4381-b140-3324270efbc8,4a867500-7423-4eaa-bc79-94e368555e05,null,2025-06-07 21:35:19.077524+00,null,private,,4a867500-7423-4eaa-bc79-94e368555e05/MDVfbWF5XzIwMjJfYWdlbmRhX29jci5wZGY=,05_may_2022_agenda_ocr.pdf,50256,463,pdf,null,null,null,null,null,null,null,null,null,null,null,null,null,null,true,2025-06-08 01:05:27.55372,null,null
e3bedc96-156c-40b4-a2a7-581029f2f0d8,4a867500-7423-4eaa-bc79-94e368555e05,null,2025-06-07 21:46:20.889419+00,null,private,,4a867500-7423-4eaa-bc79-94e368555e05/MDFfYWRtaW5pc3RyYXRpb25fZ292ZXJubWVudF9vcmRpbmFuY2UucGRm,01_administration_government_ordinance.pdf,16922441,28636,pdf,null,null,null,null,null,null,null,null,null,null,null,null,null,null,true,2025-06-08 01:05:22.97654,null,null
bec02577-99a6-4a98-9293-b26300e821f5,4a867500-7423-4eaa-bc79-94e368555e05,null,2025-06-07 21:50:07.354498+00,null,private,,4a867500-7423-4eaa-bc79-94e368555e05/cmVzb3VyY2VzX2Zvcl9uZXdseV9lbGVjdGVkX29mZmljaWFsc19vY3IucGRm,resources_for_newly_elected_officials_ocr.pdf,188446,458,pdf,null,null,null,null,null,null,null,null,null,null,null,null,null,null,true,2025-06-08 01:05:24.492766,null,null
f58554e7-56ab-4120-acb3-1111811e072b,4a867500-7423-4eaa-bc79-94e368555e05,null,2025-06-07 21:35:22.42739+00,null,private,,4a867500-7423-4eaa-bc79-94e368555e05/MDVfbWF5XzIwMjNfYWdlbmRhX29jci5wZGY=,05_may_2023_agenda_ocr.pdf,1578850,640,pdf,null,null,null,null,null,null,null,null,null,null,null,null,null,null,true,2025-06-08 01:05:28.370777,null,null
d112ce9f-498e-4ea3-83bd-0b6054cb2108,4a867500-7423-4eaa-bc79-94e368555e05,null,2025-06-07 21:36:56.616029+00,null,private,,4a867500-7423-4eaa-bc79-94e368555e05/MTBfb2N0b2Jlcl8yMDIzX2FnZW5kYV9vY3IucGRm,10_october_2023_agenda_ocr.pdf,67344,509,pdf,null,null,null,null,null,null,null,null,null,null,null,null,null,null,false,null,null,null
237507c1-b3c4-466d-9ff8-dba07e6e8d38,4a867500-7423-4eaa-bc79-94e368555e05,null,2025-06-07 21:34:16.992399+00,null,private,,4a867500-7423-4eaa-bc79-94e368555e05/MDFfamFudWFyeV8yMDIzX2FnZW5kYV9vY3IucGRm,01_january_2023_agenda_ocr.pdf,49979,432,pdf,null,null,null,null,null,null,null,null,null,null,null,null,null,null,true,2025-06-08 01:04:55.47708,null,null
8a04dbd0-d3dc-4ea9-95d6-1318f80ce76d,4a867500-7423-4eaa-bc79-94e368555e05,null,2025-06-07 21:36:05.267777+00,null,private,,4a867500-7423-4eaa-bc79-94e368555e05/MDlfc2VwdGVtYmVyXzIwMjJfYWdlbmRhX29jci5wZGY=,09_september_2022_agenda_ocr.pdf,101908,503,pdf,null,null,null,null,null,null,null,null,null,null,null,null,null,null,true,2025-06-08 01:05:29.33108,null,null
35f36a24-7b40-45da-9f56-6dc8179a0633,4a867500-7423-4eaa-bc79-94e368555e05,null,2025-06-07 21:45:38.652438+00,null,private,,4a867500-7423-4eaa-bc79-94e368555e05/MTBfb2N0b2Jlcl8yMDIzX21pbnV0ZXNfb2NyLnBkZg==,10_october_2023_minutes_ocr.pdf,413778,4803,pdf,null,null,null,null,null,null,null,null,null,null,null,null,null,null,false,null,null,null
baf465ee-85bf-44e8-82c6-0784995878dd,4a867500-7423-4eaa-bc79-94e368555e05,null,2025-06-07 21:34:13.889284+00,null,private,,4a867500-7423-4eaa-bc79-94e368555e05/MDFfamFudWFyeV8yMDIyX2FnZW5kYV9yZW9yZ19vY3IucGRm,01_january_2022_agenda_reorg_ocr.pdf,64195,333,pdf,null,null,null,null,null,null,null,null,null,null,null,null,null,null,true,2025-06-08 01:05:25.473798,null,null
4ea0c34e-2b47-4492-8cdd-7513c1ffb19a,4a867500-7423-4eaa-bc79-94e368555e05,null,2025-06-07 21:45:44.909234+00,null,private,,4a867500-7423-4eaa-bc79-94e368555e05/MTFfbm92ZW1iZXJfMjAyMl9taW51dGVzX29jci5wZGY=,11_november_2022_minutes_ocr.pdf,141923,3228,pdf,null,null,null,null,null,null,null,null,null,null,null,null,null,null,false,null,null,null
4b270596-2b1f-43d0-9ad8-305cea341589,4a867500-7423-4eaa-bc79-94e368555e05,null,2025-06-07 21:43:48.88101+00,null,private,,4a867500-7423-4eaa-bc79-94e368555e05/MDNfbWFyY2hfMjAyMl9taW51dGVzX29jci5wZGY=,03_march_2022_minutes_ocr.pdf,124130,3430,pdf,null,null,null,null,null,null,null,null,null,null,null,null,null,null,true,2025-06-08 01:05:31.37596,null,null
5409ec4f-e5e8-49a4-9658-2a830b827bbf,4a867500-7423-4eaa-bc79-94e368555e05,null,2025-06-07 21:41:14.585273+00,null,private,,4a867500-7423-4eaa-bc79-94e368555e05/MDJfZmVicnVhcnlfMjAyNF9taW51dGVzX29jci5wZGY=,02_february_2024_minutes_ocr.pdf,365932,4589,pdf,null,null,null,null,null,null,null,null,null,null,null,null,null,null,true,2025-06-08 01:04:58.927474,null,null
b7ee1590-5a4b-41b1-8ec2-9946145109c5,4a867500-7423-4eaa-bc79-94e368555e05,null,2025-06-07 21:44:08.143371+00,null,private,,4a867500-7423-4eaa-bc79-94e368555e05/MDVfbWF5XzIwMjJfbWludXRlc19vY3IucGRm,05_may_2022_minutes_ocr.pdf,151883,3057,pdf,null,null,null,null,null,null,null,null,null,null,null,null,null,null,true,2025-06-08 01:05:33.371646,null,null
096ccfa5-c756-4591-ba5e-e52882bff3bb,4a867500-7423-4eaa-bc79-94e368555e05,null,2025-06-07 21:34:32.645429+00,null,private,,4a867500-7423-4eaa-bc79-94e368555e05/MDJfZmVicnVhcnlfMjAyM19hZ2VuZGFfb2NyLnBkZg==,02_february_2023_agenda_ocr.pdf,104449,806,pdf,null,null,null,null,null,null,null,null,null,null,null,null,null,null,true,2025-06-08 01:05:00.205901,null,null
f0ad0018-01fa-494d-9e0e-b0eae5f6d5d7,4a867500-7423-4eaa-bc79-94e368555e05,null,2025-06-07 21:47:48.571348+00,null,private,,4a867500-7423-4eaa-bc79-94e368555e05/MTZfcGFya3NfYW5kX3JlY3JlYXRpb25fb3JkaW5hbmNlLnBkZg==,16_parks_and_recreation_ordinance.pdf,2308644,4032,pdf,null,null,null,null,null,null,null,null,null,null,null,null,null,null,false,null,null,null
74dfaa90-781b-45a5-80f0-b56234c56f6c,4a867500-7423-4eaa-bc79-94e368555e05,null,2025-06-07 21:34:29.351494+00,null,private,,4a867500-7423-4eaa-bc79-94e368555e05/MDJfZmVicnVhcnlfMjAyMl9hZ2VuZGFfb2NyLnBkZg==,02_february_2022_agenda_ocr.pdf,103634,622,pdf,null,null,null,null,null,null,null,null,null,null,null,null,null,null,true,2025-06-08 01:05:26.379446,null,null
2893252f-9d22-409b-a4b0-9ce6c3e629bb,4a867500-7423-4eaa-bc79-94e368555e05,null,2025-06-07 21:49:23.568143+00,null,private,,4a867500-7423-4eaa-bc79-94e368555e05/Z2VuZXJhbF9jb2RlX2luc3RydWN0aW9uc19vcmRpbmFuY2UucGRm,general_code_instructions_ordinance.pdf,270763,4852,pdf,null,null,null,null,null,null,null,null,null,null,null,null,null,null,false,null,null,null
484a5706-290f-4d2a-b2e5-745cf02be71c,4a867500-7423-4eaa-bc79-94e368555e05,null,2025-06-07 21:34:09.519421+00,null,private,,4a867500-7423-4eaa-bc79-94e368555e05/MDFfamFudWFyeV8yMDIyX2FnZW5kYV9vY3IucGRm,01_january_2022_agenda_ocr.pdf,97459,351,pdf,null,null,null,null,null,null,null,null,null,null,null,null,null,null,true,2025-06-08 01:05:01.368764,null,null
61941d72-d3f7-4928-a155-3204d41d1326,4a867500-7423-4eaa-bc79-94e368555e05,null,2025-06-07 21:35:33.255131+00,null,private,,4a867500-7423-4eaa-bc79-94e368555e05/MDVfbWF5XzIwMjRfYWdlbmRhX29jci5wZGY=,05_may_2024_agenda_ocr.pdf,105367,647,pdf,null,null,null,null,null,null,null,null,null,null,null,null,null,null,true,2025-06-08 01:06:07.503323,null,null
eb0aab70-7fad-4078-b644-55a8fcef3412,4a867500-7423-4eaa-bc79-94e368555e05,null,2025-06-07 21:50:40.974585+00,null,private,,4a867500-7423-4eaa-bc79-94e368555e05/MjAxOV9vY3JfcGFydF8xLnBkZg==,2019_ocr_part_1.pdf,37033042,39785,pdf,null,null,null,null,null,null,null,null,null,null,null,null,null,null,true,2025-06-08 01:06:01.637092,null,null
84e0f093-6302-4dce-8fe5-13497a32094a,4a867500-7423-4eaa-bc79-94e368555e05,null,2025-06-07 21:34:20.06986+00,null,private,,4a867500-7423-4eaa-bc79-94e368555e05/MDFfamFudWFyeV8yMDI0X2FnZW5kYV9vY3IucGRm,01_january_2024_agenda_ocr.pdf,102960,574,pdf,null,null,null,null,null,null,null,null,null,null,null,null,null,null,true,2025-06-08 01:06:03.303774,null,null
80d691f8-93e3-45f1-bee3-dd954bad7022,4a867500-7423-4eaa-bc79-94e368555e05,null,2025-06-07 21:35:36.464488+00,null,private,,4a867500-7423-4eaa-bc79-94e368555e05/MDVfbWF5XzIwMjRfYWdlbmRhX3NwZWNpYWxfb2NyLnBkZg==,05_may_2024_agenda_special_ocr.pdf,82805,109,pdf,null,null,null,null,null,null,null,null,null,null,null,null,null,null,true,2025-06-08 01:06:08.919979,null,null
00dc84c2-bb00-4853-b77e-f7810f539060,4a867500-7423-4eaa-bc79-94e368555e05,null,2025-06-07 21:34:47.091872+00,null,private,,4a867500-7423-4eaa-bc79-94e368555e05/MDNfbWFyY2hfMjAyNF9hZ2VuZGFfb2NyLnBkZg==,03_march_2024_agenda_ocr.pdf,105441,749,pdf,null,null,null,null,null,null,null,null,null,null,null,null,null,null,true,2025-06-08 01:06:04.389639,null,null
7418917c-6ff0-4ffb-8b82-4752cc3f5358,4a867500-7423-4eaa-bc79-94e368555e05,null,2025-06-07 21:35:55.082458+00,null,private,,4a867500-7423-4eaa-bc79-94e368555e05/MDdfanVseV8yMDIzX2FnZW5kYV9vY3IucGRm,07_july_2023_agenda_ocr.pdf,64257,484,pdf,null,null,null,null,null,null,null,null,null,null,null,null,null,null,true,2025-06-08 01:06:14.054004,null,null
2d9b807b-1449-4af6-bd1e-027c0f7c1902,4a867500-7423-4eaa-bc79-94e368555e05,null,2025-06-07 21:34:54.949866+00,null,private,,4a867500-7423-4eaa-bc79-94e368555e05/MDRfYXByaWxfMjAyMl9hZ2VuZGFfb2NyLnBkZg==,04_april_2022_agenda_ocr.pdf,101089,442,pdf,null,null,null,null,null,null,null,null,null,null,null,null,null,null,true,2025-06-08 01:06:05.396337,null,null
8aef308b-d916-4ee3-af73-e2f454739f64,4a867500-7423-4eaa-bc79-94e368555e05,null,2025-06-07 21:45:55.854277+00,null,private,,4a867500-7423-4eaa-bc79-94e368555e05/MTFfbm92ZW1iZXJfMjAyNF9taW51dGVzX29jci5wZGY=,11_november_2024_minutes_ocr.pdf,80288,3183,pdf,null,null,null,null,null,null,null,null,null,null,null,null,null,null,false,null,null,null
daef7c31-beb1-409e-b947-1f3ae11d952c,4a867500-7423-4eaa-bc79-94e368555e05,null,2025-06-07 21:47:16.904643+00,null,private,,4a867500-7423-4eaa-bc79-94e368555e05/MTFfaG91c2luZ19vcmRpbmFuY2UucGRm,11_housing_ordinance.pdf,11178219,17525,pdf,null,null,null,null,null,null,null,null,null,null,null,null,null,null,false,null,null,null
ff05767b-d3f0-4a45-8755-b19ad26394c1,4a867500-7423-4eaa-bc79-94e368555e05,null,2025-06-07 21:35:49.418435+00,null,private,,4a867500-7423-4eaa-bc79-94e368555e05/MDZfanVuZV8yMDI0X2FnZW5kYV9zcGVjaWFsX29jci5wZGY=,06_june_2024_agenda_special_ocr.pdf,12560,125,pdf,null,null,null,null,null,null,null,null,null,null,null,null,null,null,true,2025-06-08 01:06:10.007201,null,null
c652d5de-a741-4622-9c4b-1aa600bb9be1,4a867500-7423-4eaa-bc79-94e368555e05,null,2025-06-07 21:45:14.086005+00,null,private,,4a867500-7423-4eaa-bc79-94e368555e05/MDhfYXVndXN0XzIwMjNfbWludXRlc19vY3IucGRm,08_august_2023_minutes_ocr.pdf,175118,3757,pdf,null,null,null,null,null,null,null,null,null,null,null,null,null,null,true,2025-06-08 01:06:23.299044,null,null
cef961b0-6ef5-46ee-8c3f-82df9ae99556,4a867500-7423-4eaa-bc79-94e368555e05,null,2025-06-07 21:35:43.139546+00,null,private,,4a867500-7423-4eaa-bc79-94e368555e05/MDZfanVuZV8yMDIzX2FnZW5kYV9vY3IucGRm,06_june_2023_agenda_ocr.pdf,102350,511,pdf,null,null,null,null,null,null,null,null,null,null,null,null,null,null,true,2025-06-08 01:06:11.104513,null,null
d2c64d12-3b42-4881-9d2a-1ad19c8816d6,4a867500-7423-4eaa-bc79-94e368555e05,null,2025-06-07 21:43:57.865467+00,null,private,,4a867500-7423-4eaa-bc79-94e368555e05/MDRfYXByaWxfMjAyMl9taW51dGVzX29jci5wZGY=,04_april_2022_minutes_ocr.pdf,142788,2330,pdf,null,null,null,null,null,null,null,null,null,null,null,null,null,null,true,2025-06-08 01:06:15.844165,null,null
dcc8e7be-3063-401e-b9f1-7223673e4c1d,4a867500-7423-4eaa-bc79-94e368555e05,null,2025-06-07 21:35:58.095748+00,null,private,,4a867500-7423-4eaa-bc79-94e368555e05/MDdfanVseV8yMDI0X2FnZW5kYV9vY3IucGRm,07_july_2024_agenda_ocr.pdf,66730,585,pdf,null,null,null,null,null,null,null,null,null,null,null,null,null,null,true,2025-06-08 01:06:12.340724,null,null
6a23e501-b92a-4936-a6d0-ff9aec93a08c,4a867500-7423-4eaa-bc79-94e368555e05,null,2025-06-07 21:41:09.068955+00,null,private,,4a867500-7423-4eaa-bc79-94e368555e05/MDJfZmVicnVhcnlfMjAyMl9taW51dGVzX29jci5wZGY=,02_february_2022_minutes_ocr.pdf,120165,2793,pdf,null,null,null,null,null,null,null,null,null,null,null,null,null,null,true,2025-06-08 01:06:17.82265,null,null
27d54f0e-e18e-4408-91d8-1048ac57fdcd,4a867500-7423-4eaa-bc79-94e368555e05,null,2025-06-07 21:45:06.1418+00,null,private,,4a867500-7423-4eaa-bc79-94e368555e05/MDdfanVseV8yMDI0X21pbnV0ZXNfXzFfX29jci5wZGY=,07_july_2024_minutes__1__ocr.pdf,62932,2823,pdf,null,null,null,null,null,null,null,null,null,null,null,null,null,null,true,2025-06-08 01:06:25.630098,null,null
e86c14b7-c79d-4036-b718-4bf62a2029aa,4a867500-7423-4eaa-bc79-94e368555e05,null,2025-06-07 21:44:21.245334+00,null,private,,4a867500-7423-4eaa-bc79-94e368555e05/MDVfbWF5XzIwMjNfbWludXRlc19zcGVjaWFsX2Nfb2NyLnBkZg==,05_may_2023_minutes_special_c_ocr.pdf,91410,934,pdf,null,null,null,null,null,null,null,null,null,null,null,null,null,null,true,2025-06-08 01:06:19.041606,null,null
8b4c4622-efa7-40f9-9eaf-889387c8c2a6,4a867500-7423-4eaa-bc79-94e368555e05,null,2025-06-07 21:44:49.688842+00,null,private,,4a867500-7423-4eaa-bc79-94e368555e05/MDZfanVuZV8yMDIzX21pbnV0ZXNfb2NyLnBkZg==,06_june_2023_minutes_ocr.pdf,144906,2653,pdf,null,null,null,null,null,null,null,null,null,null,null,null,null,null,true,2025-06-08 01:06:20.848142,null,null
91f0d3d7-2bd3-4ac7-860b-d912b2894255,4a867500-7423-4eaa-bc79-94e368555e05,null,2025-06-07 21:44:58.876917+00,null,private,,4a867500-7423-4eaa-bc79-94e368555e05/MDdfanVseV8yMDIyX21pbnV0ZXNfb2NyLnBkZg==,07_july_2022_minutes_ocr.pdf,115879,2480,pdf,null,null,null,null,null,null,null,null,null,null,null,null,null,null,true,2025-06-08 01:06:27.426877,null,null
107b3fee-6eec-4754-8480-dd10377a5420,4a867500-7423-4eaa-bc79-94e368555e05,null,2025-06-07 21:35:46.30297+00,null,private,,4a867500-7423-4eaa-bc79-94e368555e05/MDZfanVuZV8yMDI0X2FnZW5kYV9vY3IucGRm,06_june_2024_agenda_ocr.pdf,102237,499,pdf,null,null,null,null,null,null,null,null,null,null,null,null,null,null,true,2025-06-08 01:06:13.204271,null,null
ae035bdd-ea3c-4357-85f1-c6d91555c72f,4a867500-7423-4eaa-bc79-94e368555e05,null,2025-06-07 21:35:26.28768+00,null,private,,4a867500-7423-4eaa-bc79-94e368555e05/MDVfbWF5XzIwMjNfYWdlbmRhX3NwZWNpYWxfYV9vY3IucGRm,05_may_2023_agenda_special_a_ocr.pdf,90989,69,pdf,null,null,null,null,null,null,null,null,null,null,null,null,null,null,true,2025-06-08 01:06:06.283486,null,null
97c0a009-aa1b-4898-8f87-f05446a45323,4a867500-7423-4eaa-bc79-94e368555e05,null,2025-06-07 21:45:11.231394+00,null,private,,4a867500-7423-4eaa-bc79-94e368555e05/MDhfYXVndXN0XzIwMjJfbWludXRlc19vY3IucGRm,08_august_2022_minutes_ocr.pdf,147992,2995,pdf,null,null,null,null,null,null,null,null,null,null,null,null,null,null,true,2025-06-08 01:06:29.378423,null,null
63b1103f-5c27-4d78-bbb4-fcabe4ff0667,4a867500-7423-4eaa-bc79-94e368555e05,null,2025-06-07 21:36:53.475714+00,null,private,,4a867500-7423-4eaa-bc79-94e368555e05/MTBfb2N0b2Jlcl8yMDIyX2FnZW5kYV9vY3IucGRm,10_october_2022_agenda_ocr.pdf,103853,655,pdf,null,null,null,null,null,null,null,null,null,null,null,null,null,null,false,null,null,null
4f7f4a6f-0323-4149-9902-6199943f6a4d,4a867500-7423-4eaa-bc79-94e368555e05,null,2025-06-07 21:35:00.621657+00,null,private,,4a867500-7423-4eaa-bc79-94e368555e05/MDRfYXByaWxfMjAyNF9hZ2VuZGFfb2NyLnBkZg==,04_april_2024_agenda_ocr.pdf,86180,131,pdf,null,null,null,null,null,null,null,null,null,null,null,null,null,null,true,2025-06-08 01:06:31.132554,null,null
25cb7f93-1951-4b5e-ac34-7e1ca55361bd,4a867500-7423-4eaa-bc79-94e368555e05,null,2025-06-07 21:34:57.894241+00,null,private,,4a867500-7423-4eaa-bc79-94e368555e05/MDRfYXByaWxfMjAyM19hZ2VuZGFfb2NyLnBkZg==,04_april_2023_agenda_ocr.pdf,48851,527,pdf,null,null,null,null,null,null,null,null,null,null,null,null,null,null,true,2025-06-08 01:06:30.44638,null,null
69849dbb-c798-49bc-b63c-bda833a261f8,4a867500-7423-4eaa-bc79-94e368555e05,null,2025-06-07 21:44:18.288469+00,null,private,,4a867500-7423-4eaa-bc79-94e368555e05/MDVfbWF5XzIwMjNfbWludXRlc19zcGVjaWFsX2Jfb2NyLnBkZg==,05_may_2023_minutes_special_b_ocr.pdf,82031,385,pdf,null,null,null,null,null,null,null,null,null,null,null,null,null,null,true,2025-06-08 01:06:39.225182,null,null
e601e275-a65a-4d5d-9d67-0865c88e86fb,4a867500-7423-4eaa-bc79-94e368555e05,null,2025-06-07 21:43:41.779588+00,null,private,,4a867500-7423-4eaa-bc79-94e368555e05/MDNfbWFyY2hfMjAyM19taW51dGVzX29jci5wZGY=,03_march_2023_minutes_ocr.pdf,1081079,7574,pdf,null,null,null,null,null,null,null,null,null,null,null,null,null,null,true,2025-06-08 01:06:38.405438,null,null
192a231b-477a-4ff4-a64f-d524e29c67b4,4a867500-7423-4eaa-bc79-94e368555e05,null,2025-06-07 21:41:11.875166+00,null,private,,4a867500-7423-4eaa-bc79-94e368555e05/MDJfZmVicnVhcnlfMjAyM19taW51dGVzX29jci5wZGY=,02_february_2023_minutes_ocr.pdf,941562,5124,pdf,null,null,null,null,null,null,null,null,null,null,null,null,null,null,true,2025-06-08 01:06:34.275248,null,null
321b9844-4076-42e9-a3d9-a7bd9d8199e9,4a867500-7423-4eaa-bc79-94e368555e05,null,2025-06-07 21:34:38.791753+00,null,private,,4a867500-7423-4eaa-bc79-94e368555e05/MDJfZmVicnVhcnlfMjAyNV9hZ2VuZGFfb2NyLnBkZg==,02_february_2025_agenda_ocr.pdf,50956,394,pdf,null,null,null,null,null,null,null,null,null,null,null,null,null,null,true,2025-06-08 01:06:43.907465,null,null
fbbd4d94-73ee-4554-a850-f95b30970936,4a867500-7423-4eaa-bc79-94e368555e05,null,2025-06-07 21:34:41.697371+00,null,private,,4a867500-7423-4eaa-bc79-94e368555e05/MDNfbWFyY2hfMjAyMl9hZ2VuZGFfb2NyLnBkZg==,03_march_2022_agenda_ocr.pdf,104314,619,pdf,null,null,null,null,null,null,null,null,null,null,null,null,null,null,true,2025-06-08 01:06:43.010153,null,null
09a06be8-7a93-4e1f-b0d9-6366b362ba7a,4a867500-7423-4eaa-bc79-94e368555e05,null,2025-06-07 21:49:52.223809+00,null,private,,4a867500-7423-4eaa-bc79-94e368555e05/bG9jYWxfZ292ZXJubWVudF9jb21taXNpb25fb2NyLnBkZg==,local_government_commision_ocr.pdf,142517,2541,pdf,null,null,null,null,null,null,null,null,null,null,null,null,null,null,true,2025-06-08 01:06:41.287596,null,null
3b6101da-229d-4414-a264-9b7b126dc6a0,4a867500-7423-4eaa-bc79-94e368555e05,null,2025-06-07 21:41:05.936046+00,null,private,,4a867500-7423-4eaa-bc79-94e368555e05/MDFfamFudWFyeV8yMDI1X21pbnV0ZXNfb2NyLnBkZg==,01_january_2025_minutes_ocr.pdf,77086,4393,pdf,null,null,null,null,null,null,null,null,null,null,null,null,null,null,true,2025-06-08 01:06:48.278249,null,null
1039f092-688e-4116-bac3-869bbe7f47e5,4a867500-7423-4eaa-bc79-94e368555e05,null,2025-06-07 21:36:08.507533+00,null,private,,4a867500-7423-4eaa-bc79-94e368555e05/MDlfc2VwdGVtYmVyXzIwMjJfYWdlbmRhX3NwZWNpYWxfYV9vY3IucGRm,09_september_2022_agenda_special_a_ocr.pdf,31414,157,pdf,null,null,null,null,null,null,null,null,null,null,null,null,null,null,true,2025-06-08 01:06:45.530541,null,null
2ab80b63-3459-41b7-99c0-f16a1bf1ea44,4a867500-7423-4eaa-bc79-94e368555e05,null,2025-06-07 21:37:05.317511+00,null,private,,4a867500-7423-4eaa-bc79-94e368555e05/MTFfbm92ZW1iZXJfMjAyM19hZ2VuZGFfb2NyLnBkZg==,11_november_2023_agenda_ocr.pdf,68417,532,pdf,null,null,null,null,null,null,null,null,null,null,null,null,null,null,false,null,null,null
d2581a18-2485-4791-8be9-1978bccb0a00,4a867500-7423-4eaa-bc79-94e368555e05,null,2025-06-07 21:36:59.568272+00,null,private,,4a867500-7423-4eaa-bc79-94e368555e05/MTBfb2N0b2Jlcl8yMDI0X2FnZW5kYV9vY3IucGRm,10_october_2024_agenda_ocr.pdf,39108,530,pdf,null,null,null,null,null,null,null,null,null,null,null,null,null,null,false,null,null,null
95a60443-8ea2-4d3b-af1f-2aa905899ff9,4a867500-7423-4eaa-bc79-94e368555e05,null,2025-06-07 21:37:02.406517+00,null,private,,4a867500-7423-4eaa-bc79-94e368555e05/MTFfbm92ZW1iZXJfMjAyMl9hZ2VuZGFfb2NyLnBkZg==,11_november_2022_agenda_ocr.pdf,105703,611,pdf,null,null,null,null,null,null,null,null,null,null,null,null,null,null,false,null,null,null
24b62461-304c-4d61-852d-9d1b48014ae1,4a867500-7423-4eaa-bc79-94e368555e05,null,2025-06-07 21:37:14.467591+00,null,private,,4a867500-7423-4eaa-bc79-94e368555e05/MTFfbm92ZW1iZXJfMjAyNF9hZ2VuZGFfb2NyLnBkZg==,11_november_2024_agenda_ocr.pdf,55123,541,pdf,null,null,null,null,null,null,null,null,null,null,null,null,null,null,false,null,null,null
0c47d020-4203-419a-8c64-224209e41cb0,4a867500-7423-4eaa-bc79-94e368555e05,null,2025-06-07 21:37:27.357946+00,null,private,,4a867500-7423-4eaa-bc79-94e368555e05/MTJfZGVjZW1iZXJfMjAyNF9hZ2VuZGFfb2NyLnBkZg==,12_december_2024_agenda_ocr.pdf,51769,446,pdf,null,null,null,null,null,null,null,null,null,null,null,null,null,null,false,null,null,null
1c19bec1-3665-4d60-8007-96ccf8364b1e,4a867500-7423-4eaa-bc79-94e368555e05,null,2025-06-07 21:48:38.539481+00,null,private,,4a867500-7423-4eaa-bc79-94e368555e05/MjNfc3dpbW1pbmdfcG9vbHNfb3JkaW5hbmNlLnBkZg==,23_swimming_pools_ordinance.pdf,25544,19,pdf,null,null,null,null,null,null,null,null,null,null,null,null,null,null,false,null,null,null
5f7807f6-7825-4e34-9786-4775ebd5f43e,4a867500-7423-4eaa-bc79-94e368555e05,null,2025-06-07 21:48:44.11928+00,null,private,,4a867500-7423-4eaa-bc79-94e368555e05/Mjdfem9uaW5nX21hcF9vcmRpbmFuY2UucGRm,27_zoning_map_ordinance.pdf,634167,62,pdf,null,null,null,null,null,null,null,null,null,null,null,null,null,null,false,null,null,null
0c2639bd-4817-4d6f-b03b-f4cf960f53f5,4a867500-7423-4eaa-bc79-94e368555e05,null,2025-06-07 21:49:11.900591+00,null,private,,4a867500-7423-4eaa-bc79-94e368555e05/Y2hhcHRlcl9rZXlfb3JkaW5hbmNlLnBkZg==,chapter_key_ordinance.pdf,8344869,24143,pdf,null,null,null,null,null,null,null,null,null,null,null,null,null,null,false,null,null,null
bca2143f-992c-4a75-99a4-5c29cc1e9a3e,4a867500-7423-4eaa-bc79-94e368555e05,null,2025-06-07 21:46:00.736907+00,null,private,,4a867500-7423-4eaa-bc79-94e368555e05/MTJfZGVjZW1iZXJfMjAyM19taW51dGVzX29jci5wZGY=,12_december_2023_minutes_ocr.pdf,724662,8973,pdf,null,null,null,null,null,null,null,null,null,null,null,null,null,null,false,null,null,null
11179014-6a05-4dd3-b742-491820c25e40,4a867500-7423-4eaa-bc79-94e368555e05,null,2025-06-07 21:46:02.91305+00,null,private,,4a867500-7423-4eaa-bc79-94e368555e05/MTJfZGVjZW1iZXJfMjAyNF9taW51dGVzX2FfYl9vY3IucGRm,12_december_2024_minutes_a_b_ocr.pdf,5447003,5860,pdf,null,null,null,null,null,null,null,null,null,null,null,null,null,null,false,null,null,null
8012ad4b-f0e2-4bd0-be20-df657f3826f2,4a867500-7423-4eaa-bc79-94e368555e05,null,2025-06-07 21:47:32.324979+00,null,private,,4a867500-7423-4eaa-bc79-94e368555e05/MTRfbW9iaWxlX2hvbWVzX21vYmlsZV9ob21lX3BhcmtzX29yZGluYW5jZS5wZGY=,14_mobile_homes_mobile_home_parks_ordinance.pdf,26221,27,pdf,null,null,null,null,null,null,null,null,null,null,null,null,null,null,false,null,null,null
26bcc396-7f37-49ad-a223-44cad9793883,4a867500-7423-4eaa-bc79-94e368555e05,null,2025-06-07 21:47:38.691261+00,null,private,,4a867500-7423-4eaa-bc79-94e368555e05/MTVfbW90b3JfdmVoaWNsZXNfb3JkaW5hbmNlLnBkZg==,15_motor_vehicles_ordinance.pdf,15580665,26472,pdf,null,null,null,null,null,null,null,null,null,null,null,null,null,null,false,null,null,null
5d568cf7-a66a-4536-bacd-776987737c50,4a867500-7423-4eaa-bc79-94e368555e05,null,2025-06-07 21:48:06.914244+00,null,private,,4a867500-7423-4eaa-bc79-94e368555e05/MThfc2V3YWdlX3Nld2FnZV9yZW1vdmFsX29yZGluYW5jZS5wZGY=,18_sewage_sewage_removal_ordinance.pdf,11861288,18881,pdf,null,null,null,null,null,null,null,null,null,null,null,null,null,null,false,null,null,null
f00a7bb9-4d60-4abd-9827-4ad1d0a6cac0,4a867500-7423-4eaa-bc79-94e368555e05,null,2025-06-07 21:34:44.307747+00,null,private,,4a867500-7423-4eaa-bc79-94e368555e05/MDNfbWFyY2hfMjAyM19hZ2VuZGFfb2NyLnBkZg==,03_march_2023_agenda_ocr.pdf,45474,510,pdf,null,null,null,null,null,null,null,null,null,null,null,null,null,null,true,2025-06-08 01:06:44.725848,null,null
75595590-96d8-4f26-bf7b-00b119306d36,4a867500-7423-4eaa-bc79-94e368555e05,null,2025-06-07 21:47:05.638728+00,null,private,,4a867500-7423-4eaa-bc79-94e368555e05/MDhfZmxvb2RwbGFpbl9yZWd1bGF0aW9uc19vcmRpbmFuY2UucGRm,08_floodplain_regulations_ordinance.pdf,969941,16821,pdf,null,null,null,null,null,null,null,null,null,null,null,null,null,null,true,2025-06-08 01:07:13.595417,null,null
5407c362-2e7d-4dcf-a786-a212462eae2c,4a867500-7423-4eaa-bc79-94e368555e05,null,2025-06-07 21:52:49.5594+00,null,private,,4a867500-7423-4eaa-bc79-94e368555e05/MjAyMV9vY3JfcGFydF8yLnBkZg==,2021_ocr_part_2.pdf,26139659,27882,pdf,null,null,null,null,null,null,null,null,null,null,null,null,null,null,true,2025-06-08 01:07:04.158376,null,null
7ffaf751-fdac-43cd-b17f-3675ee6bdd34,4a867500-7423-4eaa-bc79-94e368555e05,null,2025-06-07 21:40:55.409482+00,null,private,,4a867500-7423-4eaa-bc79-94e368555e05/MDFfamFudWFyeV8yMDIyX21pbnV0ZXNfcmVvcmdfb2NyLnBkZg==,01_january_2022_minutes_reorg_ocr.pdf,93411,1271,pdf,null,null,null,null,null,null,null,null,null,null,null,null,null,null,true,2025-06-08 01:06:49.370033,null,null
c90b5731-c302-4e47-98b2-8e54d5585917,4a867500-7423-4eaa-bc79-94e368555e05,null,2025-06-07 21:34:23.006584+00,null,private,,4a867500-7423-4eaa-bc79-94e368555e05/MDFfamFudWFyeV8yMDI0X2FnZW5kYV9yZW9yZ19vY3IucGRm,01_january_2024_agenda_reorg_ocr.pdf,64915,382,pdf,null,null,null,null,null,null,null,null,null,null,null,null,null,null,true,2025-06-08 01:07:16.913806,null,null
e98d9e2a-d417-4067-9d2e-bc3d6fc4a4dd,4a867500-7423-4eaa-bc79-94e368555e05,null,2025-06-07 21:44:14.977399+00,null,private,,4a867500-7423-4eaa-bc79-94e368555e05/MDVfbWF5XzIwMjNfbWludXRlc19zcGVjaWFsX2Ffb2NyLnBkZg==,05_may_2023_minutes_special_a_ocr.pdf,91410,934,pdf,null,null,null,null,null,null,null,null,null,null,null,null,null,null,true,2025-06-08 01:07:15.925461,null,null
41de0343-74ae-446e-bea4-9825aa809264,4a867500-7423-4eaa-bc79-94e368555e05,null,2025-06-07 21:44:05.430485+00,null,private,,4a867500-7423-4eaa-bc79-94e368555e05/MDRfYXByaWxfMjAyNF9taW51dGVzX29jci5wZGY=,04_april_2024_minutes_ocr.pdf,74675,670,pdf,null,null,null,null,null,null,null,null,null,null,null,null,null,null,true,2025-06-08 01:07:14.937314,null,null
3c5cf1e5-d0bf-4fd4-9277-8fb37b881e32,4a867500-7423-4eaa-bc79-94e368555e05,null,2025-06-07 21:47:10.380008+00,null,private,,4a867500-7423-4eaa-bc79-94e368555e05/MDlfZ3JhZGluZ19leGNhdmF0aW9uX29yZGluYW5jZS5wZGY=,09_grading_excavation_ordinance.pdf,24541,21,pdf,null,null,null,null,null,null,null,null,null,null,null,null,null,null,true,2025-06-08 01:07:17.211601,null,null
1f9729ac-af6e-43c8-a9b4-b1be3ae9cae5,4a867500-7423-4eaa-bc79-94e368555e05,null,2025-06-07 21:50:15.791368+00,null,private,,4a867500-7423-4eaa-bc79-94e368555e05/dGl0bGVfOF9vY3IucGRm,title_8_ocr.pdf,2281951,153246,pdf,null,null,null,null,null,null,null,null,null,null,null,null,null,null,true,2025-06-08 01:08:29.506532,null,null
14008c6c-e92c-42f5-b0e6-bb2ca5acdfe0,4a867500-7423-4eaa-bc79-94e368555e05,null,2025-06-07 21:35:29.768388+00,null,private,,4a867500-7423-4eaa-bc79-94e368555e05/MDVfbWF5XzIwMjNfYWdlbmRhX3NwZWNpYWxfYl9vY3IucGRm,05_may_2023_agenda_special_b_ocr.pdf,120048,178,pdf,null,null,null,null,null,null,null,null,null,null,null,null,null,null,true,2025-06-08 01:08:30.372024,null,null
07a2838f-6e3a-4ef2-b850-87bb152a5e75,4a867500-7423-4eaa-bc79-94e368555e05,null,2025-06-07 21:44:40.672591+00,null,private,,4a867500-7423-4eaa-bc79-94e368555e05/MDVfbWF5XzIwMjRfbWludXRlc19zcGVjaWFsX2Ffb2NyLnBkZg==,05_may_2024_minutes_special_a_ocr.pdf,91363,475,pdf,null,null,null,null,null,null,null,null,null,null,null,null,null,null,true,2025-06-08 01:08:31.386217,null,null
ed5cde97-ab18-459a-b4c3-62db23c71813,4a867500-7423-4eaa-bc79-94e368555e05,null,2025-06-07 21:51:02.918534+00,null,private,,4a867500-7423-4eaa-bc79-94e368555e05/MjAxOV9vY3JfcGFydF8yLnBkZg==,2019_ocr_part_2.pdf,33993327,36544,pdf,null,null,null,null,null,null,null,null,null,null,null,null,null,null,true,2025-06-08 01:08:53.376922,null,null
5b21e5e3-1080-4b27-8101-ba48315e7372,4a867500-7423-4eaa-bc79-94e368555e05,null,2025-06-07 21:44:55.872506+00,null,private,,4a867500-7423-4eaa-bc79-94e368555e05/MDZfanVuZV8yMDI0X21pbnV0ZXNfc3BlY2lhbF9hX29jci5wZGY=,06_june_2024_minutes_special_a_ocr.pdf,88933,313,pdf,null,null,null,null,null,null,null,null,null,null,null,null,null,null,true,2025-06-08 01:08:54.385505,null,null
7fcebc4d-1c50-436e-9b61-a4dfc48017c6,4a867500-7423-4eaa-bc79-94e368555e05,null,2025-06-07 21:44:36.776223+00,null,private,,4a867500-7423-4eaa-bc79-94e368555e05/MDVfbWF5XzIwMjRfbWludXRlc19vY3IucGRm,05_may_2024_minutes_ocr.pdf,1380037,4341,pdf,null,null,null,null,null,null,null,null,null,null,null,null,null,null,true,2025-06-08 01:08:57.504013,null,null
ed960ad4-ce1f-47ae-a36b-eebb883ffbb2,4a867500-7423-4eaa-bc79-94e368555e05,null,2025-06-07 21:44:46.82806+00,null,private,,4a867500-7423-4eaa-bc79-94e368555e05/MDZfanVuZV8yMDIyX21pbnV0ZXNfb2NyLnBkZg==,06_june_2022_minutes_ocr.pdf,159635,3938,pdf,null,null,null,null,null,null,null,null,null,null,null,null,null,null,true,2025-06-08 01:09:00.927773,null,null
bb400159-d79a-4f7b-b784-4839e54b9e65,4a867500-7423-4eaa-bc79-94e368555e05,null,2025-06-07 21:44:02.550563+00,null,private,,4a867500-7423-4eaa-bc79-94e368555e05/MDRfYXByaWxfMjAyM19taW51dGVzX29jci5wZGY=,04_april_2023_minutes_ocr.pdf,144057,2641,pdf,null,null,null,null,null,null,null,null,null,null,null,null,null,null,true,2025-06-08 01:09:04.480517,null,null
a3786525-f6bb-438e-88fa-bae9d6e5af1f,4a867500-7423-4eaa-bc79-94e368555e05,null,2025-06-07 21:45:01.675249+00,null,private,,4a867500-7423-4eaa-bc79-94e368555e05/MDdfanVseV8yMDIzX21pbnV0ZXNfb2NyLnBkZg==,07_july_2023_minutes_ocr.pdf,2020411,8937,pdf,null,null,null,null,null,null,null,null,null,null,null,null,null,null,true,2025-06-08 01:09:10.076116,null,null
3f6da6c6-ace9-4b18-be31-c1d2c6dc22f0,4a867500-7423-4eaa-bc79-94e368555e05,null,2025-06-07 21:45:20.690708+00,null,private,,4a867500-7423-4eaa-bc79-94e368555e05/MDlfc2VwdGVtYmVyXzIwMjJfbWludXRlc19vY3IucGRm,09_september_2022_minutes_ocr.pdf,153137,2750,pdf,null,null,null,null,null,null,null,null,null,null,null,null,null,null,true,2025-06-08 01:09:12.307499,null,null
204c4284-6390-4dd1-9728-d8acc526fac5,4a867500-7423-4eaa-bc79-94e368555e05,null,2025-06-07 21:48:23.967393+00,null,private,,4a867500-7423-4eaa-bc79-94e368555e05/MjFfc2lkZXdhbGtzX3N0cmVldHNfb3JkaW5hbmNlLnBkZg==,21_sidewalks_streets_ordinance.pdf,4146485,7670,pdf,null,null,null,null,null,null,null,null,null,null,null,null,null,null,false,null,null,null
ee606c38-ad15-41d1-ae78-de7b32c4f2d3,4a867500-7423-4eaa-bc79-94e368555e05,null,2025-06-07 21:48:29.064215+00,null,private,,4a867500-7423-4eaa-bc79-94e368555e05/MjJfc3ViZGl2aXNpb25fbGFuZF9kZXZlbG9wbWVudF9vcmRpbmFuY2UucGRm,22_subdivision_land_development_ordinance.pdf,19801166,30629,pdf,null,null,null,null,null,null,null,null,null,null,null,null,null,null,false,null,null,null
b9086024-f7db-474d-9547-4a26149cdd2d,4a867500-7423-4eaa-bc79-94e368555e05,null,2025-06-07 21:48:47.248972+00,null,private,,4a867500-7423-4eaa-bc79-94e368555e05/Mjdfem9uaW5nX3BhcnRfMV9vcmRpbmFuY2UucGRm,27_zoning_part_1_ordinance.pdf,14855507,27341,pdf,null,null,null,null,null,null,null,null,null,null,null,null,null,null,false,null,null,null
c8640eba-23a4-418a-947e-3d7956c43491,4a867500-7423-4eaa-bc79-94e368555e05,null,2025-06-07 21:48:55.310484+00,null,private,,4a867500-7423-4eaa-bc79-94e368555e05/Mjdfem9uaW5nX3BhcnRfMl9vcmRpbmFuY2UucGRm,27_zoning_part_2_ordinance.pdf,14858067,28542,pdf,null,null,null,null,null,null,null,null,null,null,null,null,null,null,false,null,null,null
e9e56a80-90b3-49ff-bf23-50e51a6fc8fe,4a867500-7423-4eaa-bc79-94e368555e05,null,2025-06-07 21:48:42.030622+00,null,private,,4a867500-7423-4eaa-bc79-94e368555e05/MjVfdHJlZXNfb3JkaW5hbmNlLnBkZg==,25_trees_ordinance.pdf,656813,1043,pdf,null,null,null,null,null,null,null,null,null,null,null,null,null,null,false,null,null,null
de3dcc26-1d81-4829-824a-80e3d2f0d477,4a867500-7423-4eaa-bc79-94e368555e05,null,2025-06-07 21:47:53.646367+00,null,private,,4a867500-7423-4eaa-bc79-94e368555e05/MTdfcGxhbm5lZF9yZXNpZGVudGlhbF9kZXZlbG9wbWVudF9vcmRpbmFuY2UucGRm,17_planned_residential_development_ordinance.pdf,24875,23,pdf,null,null,null,null,null,null,null,null,null,null,null,null,null,null,false,null,null,null
16bb7085-2f2c-416f-b7dd-ce434b92e080,4a867500-7423-4eaa-bc79-94e368555e05,null,2025-06-07 21:48:16.166397+00,null,private,,4a867500-7423-4eaa-bc79-94e368555e05/MTlfc2lnbnNfYmlsbGJvYXJkc19vcmRpbmFuY2UucGRm,19_signs_billboards_ordinance.pdf,24777,21,pdf,null,null,null,null,null,null,null,null,null,null,null,null,null,null,false,null,null,null
27c9c09e-18ad-4f5c-b122-3cbd0b276c59,4a867500-7423-4eaa-bc79-94e368555e05,null,2025-06-07 21:52:28.823437+00,null,private,,4a867500-7423-4eaa-bc79-94e368555e05/MjAyMV9vY3JfcGFydF8xLnBkZg==,2021_ocr_part_1.pdf,34182716,37433,pdf,null,null,null,null,null,null,null,null,null,null,null,null,null,null,true,2025-06-08 01:09:42.648809,null,null
ab4cd597-976e-41fb-97c9-062dc3149913,4a867500-7423-4eaa-bc79-94e368555e05,null,2025-06-07 21:34:25.904138+00,null,private,,4a867500-7423-4eaa-bc79-94e368555e05/MDFfamFudWFyeV8yMDI1X2FnZW5kYV9vY3IucGRm,01_january_2025_agenda_ocr.pdf,52546,416,pdf,null,null,null,null,null,null,null,null,null,null,null,null,null,null,true,2025-06-08 01:09:43.774608,null,null
060992a1-fccc-4bce-af0a-55ab99ed70f9,4a867500-7423-4eaa-bc79-94e368555e05,null,2025-06-07 21:50:27.607322+00,null,private,,4a867500-7423-4eaa-bc79-94e368555e05/MjAxOC5wZGY=,2018.pdf,17103067,72598,pdf,null,null,null,null,null,null,null,null,null,null,null,null,null,null,true,2025-06-08 01:10:08.6072,null,null
50e729b2-6cfa-4b9d-98a7-051e19f5df38,4a867500-7423-4eaa-bc79-94e368555e05,null,2025-06-07 21:38:20.680837+00,null,private,,4a867500-7423-4eaa-bc79-94e368555e05/MDFfamFudWFyeV8yMDIyX21pbnV0ZXNfb2NyLnBkZg==,01_january_2022_minutes_ocr.pdf,130783,1981,pdf,null,null,null,null,null,null,null,null,null,null,null,null,null,null,true,2025-06-08 01:10:09.959557,null,null
314ad3c9-e840-4e88-8446-807a4e04a3ab,4a867500-7423-4eaa-bc79-94e368555e05,null,2025-06-07 21:34:35.524151+00,null,private,,4a867500-7423-4eaa-bc79-94e368555e05/MDJfZmVicnVhcnlfMjAyNF9hZ2VuZGFfb2NyLnBkZg==,02_february_2024_agenda_ocr.pdf,104347,612,pdf,null,null,null,null,null,null,null,null,null,null,null,null,null,null,true,2025-06-08 01:10:11.050033,null,null
ae078d01-578e-40e3-9eef-566368dc8619,4a867500-7423-4eaa-bc79-94e368555e05,null,2025-06-07 21:49:02.613345+00,null,private,,4a867500-7423-4eaa-bc79-94e368555e05/YXBwZW5kaXhfb3JkaW5hbmNlLnBkZg==,appendix_ordinance.pdf,14237239,34530,pdf,null,null,null,null,null,null,null,null,null,null,null,null,null,null,false,null,null,null
99b98e92-dc1e-4196-abce-bfa6b3c28a6a,4a867500-7423-4eaa-bc79-94e368555e05,null,2025-06-07 21:37:08.564302+00,null,private,,4a867500-7423-4eaa-bc79-94e368555e05/MTFfbm92ZW1iZXJfMjAyM19hZ2VuZGFfc3BlY2lhbF9vY3IucGRm,11_november_2023_agenda_special_ocr.pdf,100417,308,pdf,null,null,null,null,null,null,null,null,null,null,null,null,null,null,false,null,null,null
0ca518ea-854e-43c0-8bb1-f86a80f173fe,4a867500-7423-4eaa-bc79-94e368555e05,null,2025-06-07 21:49:46.365152+00,null,private,,4a867500-7423-4eaa-bc79-94e368555e05/Ym9yb3VnaG1heW9yc21hbnVhbF8yMDE2djJfb2NyLnBkZg==,boroughmayorsmanual_2016v2_ocr.pdf,2241329,36907,pdf,null,null,null,null,null,null,null,null,null,null,null,null,null,null,false,null,null,null